{
  "logistic_regression": {
    "val_log_loss": 0.9767010655164964,
    "test_log_loss": 0.9863124894396373
  },
  "xgboost": {
    "val_log_loss": 0.9789571762084961,
    "test_log_loss": 0.9920162558555603,
    "best_iteration": 100
  },
  "naive_prior": {
    "test_log_loss": 1.0781993191677732,
    "priors": {
      "H": 0.4444750809953815,
      "D": 0.2490521817053836,
      "A": 0.30647273729923485
    }
  }
}