{
  "no_odds": {
    "label": "Model without odds",
    "n_features": 23,
    "logistic_regression": {
      "val_log_loss": 0.9767010655164964,
      "test_log_loss": 0.9863124894396373
    },
    "lr_calibrated": {
      "val_log_loss": 0.9768299427960868,
      "test_log_loss": 0.9867206803760734
    },
    "xgboost": {
      "val_log_loss": 0.9789571762084961,
      "test_log_loss": 0.9920162558555603,
      "best_iteration": 100
    },
    "xgb_calibrated": {
      "val_log_loss": 0.9600761532783508,
      "test_log_loss": 1.0082248449325562
    }
  },
  "with_odds": {
    "label": "Model with odds",
    "n_features": 26,
    "logistic_regression": {
      "val_log_loss": 0.9551017951010371,
      "test_log_loss": 0.967314606982242
    },
    "lr_calibrated": {
      "val_log_loss": 0.9543041754184641,
      "test_log_loss": 0.9700797784385762
    },
    "xgboost": {
      "val_log_loss": 0.9631955623626709,
      "test_log_loss": 0.971534788608551,
      "best_iteration": 89
    },
    "xgb_calibrated": {
      "val_log_loss": 0.9408928155899048,
      "test_log_loss": 0.9771698713302612
    }
  },
  "naive_prior": {
    "test_log_loss": 1.0781993191677732,
    "priors": {
      "H": 0.4444750809953815,
      "D": 0.2490521817053836,
      "A": 0.30647273729923485
    }
  }
}