{
  "logistic_regression": {
    "val_log_loss": 0.9769520444828823,
    "test_log_loss": 0.9887897147748503
  },
  "xgboost": {
    "val_log_loss": 0.9820943474769592,
    "test_log_loss": 0.995330810546875,
    "best_iteration": 74
  },
  "naive_prior": {
    "test_log_loss": 1.0781993191677732,
    "priors": {
      "H": 0.4444750809953815,
      "D": 0.2490521817053836,
      "A": 0.30647273729923485
    }
  }
}