{
  "logistic_regression": {
    "val_log_loss": 0.9750838599634027,
    "test_log_loss": 0.987451090310911
  },
  "xgboost": {
    "val_log_loss": 0.9789122343063354,
    "test_log_loss": 0.9983314871788025,
    "best_iteration": 74
  },
  "naive_prior": {
    "test_log_loss": 1.0781993191677732,
    "priors": {
      "H": 0.4444750809953815,
      "D": 0.2490521817053836,
      "A": 0.30647273729923485
    }
  }
}